date,open,high,low,close,volume
2020-01-01,100.0,100.07,100.0,100.0,1392656
2020-01-02,100.0,103.08,100.0,103.07,2942646
2020-01-03,103.07,103.68,102.04,102.75,1723517
2020-01-04,102.75,103.27,102.21,102.38,2122500
2020-01-05,102.38,103.73,101.11,102.63,2000008
2020-01-06,102.63,102.66,102.04,102.04,1928281
2020-01-07,102.04,106.27,101.97,105.46,3965983
2020-01-08,105.46,118.08,104.63,117.82,6509214
2020-01-09,117.82,118.14,113.48,114.61,3165699
2020-01-10,114.61,116.22,107.17,109.01,4374047
2020-01-11,109.01,109.06,108.57,108.61,1222494
2020-01-12,108.61,118.3,108.55,118.17,5190872
2020-01-13,118.17,118.38,116.03,116.21,2026392
2020-01-14,116.21,121.64,115.69,121.13,3293530
2020-01-15,121.13,122.22,121.11,122.19,2391906
2020-01-16,122.19,122.24,121.88,121.89,1358849
2020-01-17,121.89,122.4,121.84,122.27,1308943
2020-01-18,122.27,123.5,121.98,123.31,1658620
2020-01-19,123.31,123.75,121.71,122.79,2461667
2020-01-20,122.79,122.81,122.69,122.7,1542438
2020-01-21,122.7,122.89,122.31,122.38,1544693
2020-01-22,122.38,122.53,117.12,118.14,3207965
2020-01-23,118.14,118.35,115.27,116.03,3308307
2020-01-24,116.03,116.16,111.78,112.17,2881629
2020-01-25,112.17,112.29,112.1,112.22,2453972
2020-01-26,112.22,112.28,111.8,111.82,1788479
2020-01-27,111.82,112.17,111.8,112.06,1530483
2020-01-28,112.06,112.23,111.13,111.23,4365888
2020-01-29,111.23,112.33,111.12,111.75,1323501
2020-01-30,111.75,112.43,111.62,112.25,1561293
2020-01-31,112.25,112.25,111.16,111.17,1523417
2020-02-01,111.17,111.55,111.12,111.41,2218509
2020-02-02,111.41,119.07,110.0,117.45,5465904
2020-02-03,117.45,119.69,109.92,112.02,5172782
2020-02-04,112.02,115.17,111.83,114.99,3655875
2020-02-05,114.99,116.78,114.58,116.56,2083110
2020-02-06,116.56,116.66,116.07,116.17,1502423
2020-02-07,116.17,116.31,116.01,116.14,946738
2020-02-08,116.14,116.5,116.14,116.5,3422060
2020-02-09,116.5,116.64,116.38,116.58,1798263
2020-02-10,116.58,117.44,116.53,117.22,1556544
2020-02-11,117.22,118.72,113.63,114.62,3562002
2020-02-12,114.62,115.36,114.35,115.18,1356840
2020-02-13,115.18,116.26,111.07,111.53,3337098
2020-02-14,111.53,111.75,111.29,111.36,1490669
2020-02-15,111.36,111.37,110.89,110.89,2087194
2020-02-16,110.89,111.04,110.45,110.52,1637595
2020-02-17,110.52,111.29,110.5,111.24,1308123
2020-02-18,111.24,116.14,110.28,114.58,3018182
2020-02-19,114.58,118.28,110.77,116.89,3186142
2020-02-20,116.89,117.08,116.08,116.29,1743576
2020-02-21,116.29,116.41,114.91,115.87,2151097
2020-02-22,115.87,116.67,115.86,116.61,1411153
2020-02-23,116.61,116.89,116.45,116.73,1537384
2020-02-24,116.73,121.9,116.53,121.72,3326482
2020-02-25,121.72,124.45,120.82,123.59,2714317
2020-02-26,123.59,128.47,120.75,124.82,2010993
2020-02-27,124.82,125.04,123.11,123.73,2351685
2020-02-28,123.73,124.17,123.05,124.12,2381123
2020-02-29,124.12,126.15,121.04,121.15,3123963
2020-03-01,121.15,123.74,120.15,120.96,1725914
2020-03-02,120.96,123.08,120.75,121.81,1455493
2020-03-03,121.81,122.13,116.47,116.98,3520454
2020-03-04,116.98,117.02,115.74,115.8,1771329
2020-03-05,115.8,115.89,114.25,114.35,1973503
2020-03-06,114.35,114.38,113.72,113.78,1579833
2020-03-07,113.78,113.79,104.05,104.11,5553167
2020-03-08,104.11,106.84,90.34,91.91,7106675
2020-03-09,91.91,91.93,90.27,90.29,2104556
2020-03-10,90.29,99.57,89.47,98.54,5974017
2020-03-11,98.54,98.91,95.34,96.12,2253388
2020-03-12,96.12,98.69,94.58,96.48,1692755
2020-03-13,96.48,98.91,92.51,93.34,4741483
2020-03-14,93.34,94.56,91.99,92.95,2377730
2020-03-15,92.95,97.42,92.76,97.35,5087215
2020-03-16,97.35,97.4,97.18,97.23,1773565
2020-03-17,97.23,98.41,97.07,97.84,2603734
2020-03-18,97.84,98.86,97.68,98.59,1579078
2020-03-19,98.59,98.75,97.24,97.59,1737316
2020-03-20,97.59,100.03,96.95,99.3,1625045
2020-03-21,99.3,99.36,99.21,99.24,2338280
2020-03-22,99.24,99.26,98.87,98.9,2834052
2020-03-23,98.9,99.9,98.49,99.61,1617866
2020-03-24,99.61,101.1,94.68,95.92,3266729
2020-03-25,95.92,96.23,95.38,96.03,1241711
2020-03-26,96.03,96.69,95.81,96.05,1720813
2020-03-27,96.05,96.82,95.87,96.6,2541469
2020-03-28,96.6,98.72,95.81,97.74,1503200
2020-03-29,97.74,97.93,97.15,97.7,1748947
2020-03-30,97.7,99.21,97.52,99.1,2082904
2020-03-31,99.1,103.61,98.61,102.89,3436859
2020-04-01,102.89,104.61,102.89,104.5,2533539
2020-04-02,104.5,104.81,104.35,104.58,1448543
2020-04-03,104.58,104.76,100.63,100.87,3255562
2020-04-04,100.87,100.88,98.78,98.81,2429183
2020-04-05,98.81,98.83,98.41,98.51,2277734
2020-04-06,98.51,98.54,98.23,98.24,1870291
2020-04-07,98.24,98.71,97.79,98.06,1710256
2020-04-08,98.06,98.23,98.02,98.18,1092499
2020-04-09,98.18,99.04,96.86,97.85,1494249
2020-04-10,97.85,97.92,96.87,96.97,2518071
2020-04-11,96.97,97.01,96.81,96.88,1569901
2020-04-12,96.88,96.97,96.45,96.57,2047023
2020-04-13,96.57,96.67,95.21,95.29,3585128
2020-04-14,95.29,95.35,94.51,94.52,2588189
2020-04-15,94.52,94.59,94.03,94.13,1756202
2020-04-16,94.13,94.31,91.59,91.65,2609862
2020-04-17,91.65,94.18,89.79,90.99,1139113
2020-04-18,90.99,94.9,90.58,94.62,3374090
2020-04-19,94.62,97.06,93.59,96.89,2536490
2020-04-20,96.89,97.66,91.83,92.83,3854362
2020-04-21,92.83,93.33,92.7,93.21,1626115
2020-04-22,93.21,93.25,92.85,92.94,1492415
2020-04-23,92.94,92.98,92.23,92.26,1279376
2020-04-24,92.26,93.91,85.04,86.21,4518518
2020-04-25,86.21,86.52,82.12,82.47,3982873
2020-04-26,82.47,84.29,76.62,78.35,5424057
2020-04-27,78.35,78.41,76.45,76.52,2634808
2020-04-28,76.52,76.69,75.63,75.87,2105581
2020-04-29,75.87,76.67,73.66,73.79,3498121
2020-04-30,73.79,73.89,72.55,72.66,1934333
2020-05-01,72.66,74.74,72.33,74.31,2817918
2020-05-02,74.31,77.66,73.05,76.33,2535522
2020-05-03,76.33,76.58,70.19,70.89,5738215
2020-05-04,70.89,71.4,67.68,67.7,3882981
2020-05-05,67.7,70.17,67.51,69.6,3043958
2020-05-06,69.6,70.32,63.83,65.02,4578374
2020-05-07,65.02,66.66,63.92,64.65,2205635
2020-05-08,64.65,64.89,63.04,63.65,4117995
2020-05-09,63.65,63.7,61.89,61.92,2481614
2020-05-10,61.92,62.17,61.68,62.11,1495214
2020-05-11,62.11,62.39,62.09,62.36,1827564
2020-05-12,62.36,62.41,61.98,62.13,2170552
2020-05-13,62.13,62.13,61.32,61.35,1888715
2020-05-14,61.35,62.46,60.59,60.86,1141934
2020-05-15,60.86,61.0,60.86,61.0,2586028
2020-05-16,61.0,61.25,57.66,57.79,4661360
2020-05-17,57.79,58.09,57.74,58.01,1103526
2020-05-18,58.01,58.05,57.7,58.01,1244242
2020-05-19,58.01,58.98,57.97,58.97,3510337
2020-05-20,58.97,59.12,58.87,59.03,2607352
2020-05-21,59.03,59.1,58.46,58.46,2582565
2020-05-22,58.46,61.52,57.85,61.09,3618468
2020-05-23,61.09,61.1,61.04,61.06,1566998
2020-05-24,61.06,61.21,60.97,61.06,1438810
2020-05-25,61.06,61.16,60.01,60.24,2935901
2020-05-26,60.24,60.53,58.87,59.46,1799786
2020-05-27,59.46,59.48,59.19,59.21,1374579
2020-05-28,59.21,59.22,59.18,59.18,2185449
2020-05-29,59.18,60.93,58.63,60.85,2874312
2020-05-30,60.85,60.86,58.9,59.09,3963275
2020-05-31,59.09,59.13,56.7,56.71,3273872
2020-06-01,56.71,59.96,56.62,59.39,3787877
2020-06-02,59.39,59.42,58.87,59.22,1280250
2020-06-03,59.22,59.38,57.88,58.45,2158103
2020-06-04,58.45,60.04,57.7,60.01,2296016
2020-06-05,60.01,60.04,59.66,59.68,1555589
2020-06-06,59.68,67.21,59.21,65.06,5297842
2020-06-07,65.06,67.53,64.52,67.32,3624577
2020-06-08,67.32,67.45,66.36,66.61,2461711
2020-06-09,66.61,71.81,66.59,71.77,4653859
2020-06-10,71.77,72.05,71.03,71.24,2818725
2020-06-11,71.24,73.76,70.16,72.78,5054468
2020-06-12,72.78,74.9,72.34,73.9,2285430
2020-06-13,73.9,76.85,72.86,76.84,3175261
2020-06-14,76.84,83.05,76.59,82.74,8306351
2020-06-15,82.74,83.66,82.36,82.9,1112128
2020-06-16,82.9,83.02,79.83,79.86,3378648
2020-06-17,79.86,82.96,78.34,81.74,2758898
2020-06-18,81.74,82.48,79.47,79.51,3843492
2020-06-19,79.51,83.38,79.48,83.35,4056478
2020-06-20,83.35,83.43,83.35,83.43,1328466
2020-06-21,83.43,83.53,83.21,83.3,1197847
2020-06-22,83.3,83.87,83.26,83.41,1404066
2020-06-23,83.41,83.67,82.01,82.03,1932939
2020-06-24,82.03,82.05,80.5,80.64,2383874
2020-06-25,80.64,85.22,80.53,84.02,3306767
2020-06-26,84.02,84.24,82.18,82.29,2010235
2020-06-27,82.29,82.32,77.35,78.12,4975336
2020-06-28,78.12,80.28,77.31,79.88,2392346
2020-06-29,79.88,85.1,79.61,84.78,4009689
2020-06-30,84.78,90.05,84.39,87.91,3231695
2020-07-01,87.91,90.8,87.33,90.52,2996877
2020-07-02,90.52,90.56,90.14,90.14,1127114
2020-07-03,90.14,90.14,87.71,88.11,2816280
2020-07-04,88.11,89.99,87.17,89.65,1955742
2020-07-05,89.65,89.9,88.46,88.94,3251439
2020-07-06,88.94,89.38,87.41,88.21,2207791
2020-07-07,88.21,91.9,87.89,91.84,3333972
2020-07-08,91.84,92.56,91.25,92.45,1520205
2020-07-09,92.45,92.72,92.45,92.69,1577841
2020-07-10,92.69,93.73,92.69,93.73,2414769
2020-07-11,93.73,93.99,91.85,92.39,2206844
2020-07-12,92.39,94.99,91.58,94.68,2619554
2020-07-13,94.68,94.88,94.6,94.73,1558868
2020-07-14,94.73,95.03,94.73,94.99,1377454
2020-07-15,94.99,97.73,94.87,97.55,2668250
2020-07-16,97.55,97.94,97.48,97.82,994391
2020-07-17,97.82,98.35,97.52,98.32,2378367
2020-07-18,98.32,99.82,98.13,99.43,2226398
2020-07-19,99.43,99.43,99.27,99.28,1255514
2020-07-20,99.28,99.55,97.8,98.25,3608508
2020-07-21,98.25,98.39,95.41,95.84,2782501
2020-07-22,95.84,96.38,87.32,87.85,5450728
2020-07-23,87.85,97.95,86.15,97.39,7190269
2020-07-24,97.39,97.88,95.29,95.44,2733766
2020-07-25,95.44,95.45,95.3,95.36,1758410
2020-07-26,95.36,95.59,94.66,94.97,1514715
2020-07-27,94.97,95.8,94.84,95.75,2165361
2020-07-28,95.75,98.6,95.1,98.54,2811285
2020-07-29,98.54,103.36,98.47,102.9,3986631
2020-07-30,102.9,103.05,99.67,99.98,2328479
2020-07-31,99.98,103.44,95.62,99.17,1707785
2020-08-01,99.17,102.08,99.07,100.61,3587158
2020-08-02,100.61,100.65,99.17,99.4,1788176
2020-08-03,99.4,107.92,97.56,106.02,4460619
2020-08-04,106.02,109.38,104.97,108.68,2541767
2020-08-05,108.68,111.78,108.17,111.2,2189399
2020-08-06,111.2,113.44,110.72,113.03,1646353
2020-08-07,113.03,114.97,113.0,114.83,2181314
2020-08-08,114.83,115.18,114.81,115.17,1718598
2020-08-09,115.17,116.07,107.09,107.97,4701168
2020-08-10,107.97,108.79,107.68,108.39,1622077
2020-08-11,108.39,109.28,106.58,106.81,2252375
2020-08-12,106.81,106.9,106.48,106.56,2284812
2020-08-13,106.56,107.22,106.39,106.91,1570761
2020-08-14,106.91,110.66,106.9,110.64,2966820
2020-08-15,110.64,111.01,109.4,110.74,1412816
2020-08-16,110.74,111.01,110.59,110.94,1928199
2020-08-17,110.94,112.05,110.88,111.93,2966452
2020-08-18,111.93,112.69,111.85,112.48,1477696
2020-08-19,112.48,114.1,112.22,113.99,2216131
2020-08-20,113.99,114.88,113.64,114.67,1982911
2020-08-21,114.67,114.76,112.08,112.48,2074327
2020-08-22,112.48,113.15,112.44,112.93,1713596
2020-08-23,112.93,115.5,110.77,115.08,1921356
2020-08-24,115.08,122.95,114.93,122.78,4152292
2020-08-25,122.78,123.39,122.61,123.29,1908023
2020-08-26,123.29,123.87,122.88,123.16,1379977
2020-08-27,123.16,123.36,122.27,122.44,1897506
2020-08-28,122.44,122.98,121.72,121.9,1713842
2020-08-29,121.9,121.95,121.07,121.33,1346375
2020-08-30,121.33,121.41,120.97,121.02,1607757
2020-08-31,121.02,122.3,120.01,122.18,1519772
2020-09-01,122.18,129.76,121.67,129.09,5252889
2020-09-02,129.09,129.69,129.02,129.47,1153974
2020-09-03,129.47,129.47,128.58,128.73,1690717
2020-09-04,128.73,129.11,128.71,129.06,1219996
2020-09-05,129.06,130.09,128.97,129.87,2144199
2020-09-06,129.87,131.31,125.38,126.7,2582619
2020-09-07,126.7,126.97,125.52,125.96,1566197
2020-09-08,125.96,126.05,125.46,126.03,2059944
2020-09-09,126.03,126.42,121.96,122.61,2887903
2020-09-10,122.61,129.13,121.11,126.69,3430457
2020-09-11,126.69,127.73,124.98,125.97,1399590
2020-09-12,125.97,127.06,125.19,126.84,1342085
2020-09-13,126.84,126.87,126.23,126.23,1795072
2020-09-14,126.23,126.29,124.5,124.53,2031230
2020-09-15,124.53,126.63,124.21,125.98,2445763
2020-09-16,125.98,126.15,124.87,124.89,1895164
2020-09-17,124.89,134.14,124.5,133.49,4937534
2020-09-18,133.49,133.78,132.11,132.62,1272967
2020-09-19,132.62,133.33,132.56,133.12,3259904
2020-09-20,133.12,133.8,133.06,133.78,1669308
2020-09-21,133.78,133.8,132.79,132.87,2256947
2020-09-22,132.87,133.35,131.49,131.75,1583534
2020-09-23,131.75,131.98,130.75,130.79,2032910
2020-09-24,130.79,138.75,130.52,137.32,3457196
2020-09-25,137.32,137.63,136.53,136.82,1934819
2020-09-26,136.82,138.69,136.76,138.62,1991503
2020-09-27,138.62,138.62,138.0,138.02,1734282
2020-09-28,138.02,139.13,137.87,139.02,2278745
2020-09-29,139.02,140.45,138.9,140.4,1536144
2020-09-30,140.4,151.22,139.74,149.18,4242325
2020-10-01,149.18,159.12,147.93,158.25,4707143
2020-10-02,158.25,159.79,157.75,159.68,3805045
2020-10-03,159.68,163.03,158.91,162.52,2314692
2020-10-04,162.52,166.36,160.82,164.54,2463564
2020-10-05,164.54,165.66,164.53,165.57,1757322
2020-10-06,165.57,165.68,164.17,164.76,3385082
2020-10-07,164.76,164.92,163.45,164.14,1106991
2020-10-08,164.14,164.34,163.77,164.18,1562102
2020-10-09,164.18,164.31,163.32,163.63,1112561
2020-10-10,163.63,166.31,155.98,160.01,1903635
2020-10-11,160.01,162.62,159.84,162.46,2422016
2020-10-12,162.46,170.54,162.42,170.46,3975501
2020-10-13,170.46,170.7,170.37,170.62,1413900
2020-10-14,170.62,172.49,170.19,171.94,1832670
2020-10-15,171.94,172.19,167.93,168.6,6189522
2020-10-16,168.6,169.96,167.81,167.91,1582146
2020-10-17,167.91,168.21,166.64,166.88,2099244
2020-10-18,166.88,166.99,164.88,165.33,1689882
2020-10-19,165.33,165.34,165.19,165.31,1664738
2020-10-20,165.31,166.07,164.79,165.26,1403140
2020-10-21,165.26,171.5,164.97,171.08,3046599
2020-10-22,171.08,175.78,169.32,174.27,3905161
2020-10-23,174.27,174.28,171.78,171.97,2963881
2020-10-24,171.97,182.48,171.63,182.24,4468672
2020-10-25,182.24,192.4,178.42,190.33,2988170
2020-10-26,190.33,196.06,189.78,195.92,2783492
2020-10-27,195.92,199.05,190.38,193.77,4914479
2020-10-28,193.77,194.77,186.6,188.4,2797005
2020-10-29,188.4,189.58,184.86,187.29,2530989
2020-10-30,187.29,193.81,187.29,193.81,4266333
2020-10-31,193.81,210.26,189.65,209.61,5534508
2020-11-01,209.61,224.05,208.77,222.36,4108850
2020-11-02,222.36,222.63,215.9,218.35,1705035
2020-11-03,218.35,220.64,206.21,206.53,4691918
2020-11-04,206.53,207.62,203.68,207.59,1422495
2020-11-05,207.59,210.97,190.49,192.42,5385728
2020-11-06,192.42,194.97,191.08,194.73,1630758
2020-11-07,194.73,195.5,193.72,193.95,1576125
2020-11-08,193.95,202.57,181.46,189.59,2653915
2020-11-09,189.59,189.97,173.2,175.11,5615489
2020-11-10,175.11,181.18,174.35,179.72,2371690
2020-11-11,179.72,180.03,173.68,175.05,3636058
2020-11-12,175.05,179.51,160.98,165.81,3954049
2020-11-13,165.81,167.49,143.5,143.67,8098561
2020-11-14,143.67,144.72,143.53,143.56,1486969
2020-11-15,143.56,156.03,142.58,155.16,5402803
2020-11-16,155.16,165.36,155.15,165.29,4747341
2020-11-17,165.29,165.62,161.78,162.55,3312484
2020-11-18,162.55,164.1,151.28,158.09,2777686
2020-11-19,158.09,160.72,157.9,160.14,2085254
2020-11-20,160.14,160.44,152.08,152.39,3556995
2020-11-21,152.39,154.5,152.36,153.64,2415766
2020-11-22,153.64,154.39,153.53,154.28,1803054
2020-11-23,154.28,160.04,154.12,159.88,3096173
2020-11-24,159.88,165.61,153.55,159.24,1086215
2020-11-25,159.24,163.82,152.18,157.68,3053154
2020-11-26,157.68,158.73,149.2,150.95,3221224
2020-11-27,150.95,151.4,145.37,145.37,3129022
2020-11-28,145.37,145.37,144.58,144.6,1959959
2020-11-29,144.6,146.18,144.43,145.97,1521559
2020-11-30,145.97,147.43,145.9,147.36,1447474
2020-12-01,147.36,147.73,142.79,143.93,2024998
2020-12-02,143.93,151.02,142.13,149.45,3816589
2020-12-03,149.45,149.76,148.96,149.2,1344147
2020-12-04,149.2,149.33,149.06,149.23,4831298
2020-12-05,149.23,149.52,147.53,147.73,1614747
2020-12-06,147.73,148.04,145.84,145.99,1721885
2020-12-07,145.99,146.79,145.78,146.68,1489759
2020-12-08,146.68,147.97,146.49,147.87,2033825
2020-12-09,147.87,148.21,146.42,147.27,1495146
2020-12-10,147.27,147.38,147.26,147.36,1890341
2020-12-11,147.36,147.88,147.35,147.79,1257043
2020-12-12,147.79,148.09,145.32,145.46,1794091
2020-12-13,145.46,145.52,145.11,145.12,1024195
2020-12-14,145.12,145.77,145.08,145.74,1042536
2020-12-15,145.74,145.86,144.7,144.88,1570368
2020-12-16,144.88,145.19,144.82,145.13,1448675
2020-12-17,145.13,145.61,142.68,142.85,2022662
2020-12-18,142.85,146.86,142.53,145.68,3343386
2020-12-19,145.68,146.65,144.6,145.46,2421939
2020-12-20,145.46,145.93,135.38,135.74,4803492
2020-12-21,135.74,142.69,135.4,142.18,3224377
2020-12-22,142.18,142.24,140.46,140.49,1852303
2020-12-23,140.49,140.93,138.71,138.73,1869064
2020-12-24,138.73,139.28,138.49,139.05,1332383
2020-12-25,139.05,141.77,138.7,141.73,2162266
2020-12-26,141.73,141.9,140.65,141.06,1460232
2020-12-27,141.06,142.04,139.95,141.24,1388870
2020-12-28,141.24,144.85,139.92,144.12,2236187
2020-12-29,144.12,149.08,143.09,148.29,3036098
2020-12-30,148.29,150.48,147.61,149.54,2117250
2020-12-31,149.54,152.56,145.55,146.86,2036812
2021-01-01,146.86,147.09,141.27,142.34,3952714
2021-01-02,142.34,143.26,142.25,142.87,1300066
2021-01-03,142.87,143.71,135.99,137.29,2939951
2021-01-04,137.29,137.54,122.41,123.3,7083514
2021-01-05,123.3,124.5,122.93,124.36,1592999
2021-01-06,124.36,127.34,123.67,126.52,2536208
2021-01-07,126.52,126.54,118.41,118.45,4096703
2021-01-08,118.45,118.96,111.43,112.65,5015497
2021-01-09,112.65,117.84,111.66,116.23,3462429
2021-01-10,116.23,132.97,116.15,128.86,6130992
2021-01-11,128.86,129.67,128.18,128.98,1024483
2021-01-12,128.98,129.35,123.98,124.73,4481908
2021-01-13,124.73,124.98,123.21,123.71,1603150
2021-01-14,123.71,140.57,120.37,132.55,4611151
2021-01-15,132.55,132.91,129.4,130.05,1777102
2021-01-16,130.05,130.57,128.78,128.9,1781116
2021-01-17,128.9,128.91,128.61,128.63,1498068
2021-01-18,128.63,128.88,127.79,128.06,2153435
2021-01-19,128.06,128.18,128.04,128.17,1042481
2021-01-20,128.17,129.31,127.95,129.26,1388768
2021-01-21,129.26,129.66,128.84,129.66,1908592
2021-01-22,129.66,129.68,128.8,129.18,2339548
2021-01-23,129.18,129.54,127.2,127.35,1670385
2021-01-24,127.35,127.8,116.33,117.81,6110283
2021-01-25,117.81,123.94,114.57,121.51,3064462
2021-01-26,121.51,121.74,121.4,121.41,2267315
2021-01-27,121.41,122.87,118.31,120.92,1667283
2021-01-28,120.92,122.94,120.87,122.9,1596608
2021-01-29,122.9,125.43,122.63,124.5,2074129
2021-01-30,124.5,125.17,119.17,119.94,4063532
2021-01-31,119.94,120.57,117.37,118.11,1909474
2021-02-01,118.11,119.27,117.62,118.83,1625783
2021-02-02,118.83,119.84,118.66,119.31,1616335
2021-02-03,119.31,120.09,114.07,114.56,2762622
2021-02-04,114.56,120.04,114.53,119.99,5119439
2021-02-05,119.99,120.76,118.81,118.88,1600295
2021-02-06,118.88,120.04,118.88,120.04,2271037
2021-02-07,120.04,121.36,119.53,120.83,1786052
2021-02-08,120.83,120.89,120.05,120.47,2525080
2021-02-09,120.47,121.28,120.46,121.28,2060360
2021-02-10,121.28,122.32,120.45,121.46,1465776
2021-02-11,121.46,122.09,121.36,122.02,1367892
2021-02-12,122.02,122.56,121.86,122.35,2126405
2021-02-13,122.35,122.57,121.28,121.55,1219935
2021-02-14,121.55,123.06,119.99,120.13,2470614
2021-02-15,120.13,124.42,119.93,124.23,2757568
2021-02-16,124.23,124.33,123.84,123.95,2486132
2021-02-17,123.95,123.95,123.73,123.73,1669903
2021-02-18,123.73,126.51,117.48,120.13,3357518
2021-02-19,120.13,125.04,117.76,122.01,2318783
2021-02-20,122.01,127.3,120.45,126.82,2850266
2021-02-21,126.82,127.02,119.95,120.4,3749104
2021-02-22,120.4,120.71,119.97,120.57,1972236
2021-02-23,120.57,132.9,116.27,129.43,5132449
2021-02-24,129.43,131.86,126.27,128.98,2479230
2021-02-25,128.98,134.42,126.48,131.97,2869333
2021-02-26,131.97,132.11,125.03,125.18,3757697
2021-02-27,125.18,128.06,124.62,127.45,2069396
2021-02-28,127.45,127.53,124.73,126.3,2005666
2021-03-01,126.3,133.62,124.54,132.72,3293746
2021-03-02,132.72,142.08,131.38,140.88,5792249
2021-03-03,140.88,152.03,139.95,151.09,5245326
2021-03-04,151.09,155.71,150.76,154.61,3496038
2021-03-05,154.61,158.62,153.65,157.19,1783198
2021-03-06,157.19,158.49,156.42,157.58,2485332
2021-03-07,157.58,157.64,157.29,157.35,3625146
2021-03-08,157.35,158.11,156.92,157.66,1116245
2021-03-09,157.66,157.77,157.4,157.48,2029495
2021-03-10,157.48,158.35,156.48,158.06,1684444
2021-03-11,158.06,168.76,158.04,168.71,4224398
2021-03-12,168.71,171.96,159.98,160.96,4132130
2021-03-13,160.96,170.55,160.45,170.45,4881797
2021-03-14,170.45,174.99,170.08,174.73,2480184
2021-03-15,174.73,174.84,174.66,174.68,2305846
2021-03-16,174.68,174.95,172.67,172.89,1450040
2021-03-17,172.89,173.36,170.89,171.54,1365279
2021-03-18,171.54,174.49,171.26,174.41,2402096
2021-03-19,174.41,174.5,174.39,174.45,1522056
2021-03-20,174.45,174.67,173.5,173.63,1433698
2021-03-21,173.63,174.0,173.11,173.24,2110192
2021-03-22,173.24,176.75,173.12,176.1,2621530
2021-03-23,176.1,181.25,175.8,178.64,2753819
2021-03-24,178.64,178.89,178.44,178.46,1491555
2021-03-25,178.46,178.58,178.0,178.19,1928307
2021-03-26,178.19,178.37,177.47,177.89,1383194
2021-03-27,177.89,178.07,177.06,177.13,3508024
2021-03-28,177.13,184.47,177.11,184.42,3184424
2021-03-29,184.42,184.68,184.02,184.18,3430810
2021-03-30,184.18,188.49,183.03,187.81,2492991
2021-03-31,187.81,189.47,187.75,189.3,1398032
2021-04-01,189.3,190.35,189.26,190.31,2746445
2021-04-02,190.31,190.35,189.87,189.95,1657879
2021-04-03,189.95,190.6,189.38,190.39,2146382
2021-04-04,190.39,191.24,189.56,190.43,2352934
2021-04-05,190.43,190.48,189.43,189.63,1895019
2021-04-06,189.63,192.64,187.68,192.47,1988417
2021-04-07,192.47,197.12,176.74,183.14,4613404
2021-04-08,183.14,189.59,182.6,188.8,3021698
2021-04-09,188.8,189.41,185.86,186.39,2551706
2021-04-10,186.39,188.24,185.32,187.36,1101391
2021-04-11,187.36,188.8,187.25,188.42,2031283
2021-04-12,188.42,188.79,186.14,187.0,1604878
2021-04-13,187.0,192.46,186.48,191.91,4082231
2021-04-14,191.91,197.47,188.36,189.26,2560728
2021-04-15,189.26,192.69,188.23,192.08,2365672
2021-04-16,192.08,192.15,189.4,189.4,2476368
2021-04-17,189.4,189.76,189.36,189.58,1153598
2021-04-18,189.58,191.55,188.64,191.48,3251303
2021-04-19,191.48,194.51,185.19,185.31,4843999
2021-04-20,185.31,187.91,172.22,179.19,3396445
2021-04-21,179.19,184.08,178.44,183.08,3789033
2021-04-22,183.08,184.8,182.6,184.78,1714749
2021-04-23,184.78,188.23,184.64,188.11,2062863
2021-04-24,188.11,194.34,187.96,192.82,2758640
2021-04-25,192.82,200.48,190.17,199.1,3344732
2021-04-26,199.1,209.17,198.42,209.04,3757652
2021-04-27,209.04,214.27,207.64,210.95,2261326
2021-04-28,210.95,211.15,210.62,210.75,1710866
2021-04-29,210.75,212.47,210.43,212.21,1450572
2021-04-30,212.21,214.44,211.82,214.3,2286118
2021-05-01,214.3,214.41,214.18,214.22,2058130
2021-05-02,214.22,214.51,212.7,213.24,1818149
2021-05-03,213.24,214.51,213.19,214.49,2571255
2021-05-04,214.49,214.65,212.88,213.54,1266465
2021-05-05,213.54,216.47,190.78,191.61,7180287
2021-05-06,191.61,200.13,190.62,199.3,3022815
2021-05-07,199.3,199.95,191.46,194.09,2396222
2021-05-08,194.09,198.4,189.63,193.31,1430585
2021-05-09,193.31,195.46,193.25,195.11,1586651
2021-05-10,195.11,197.24,193.24,197.03,1751582
2021-05-11,197.03,204.5,197.02,204.21,3187087
2021-05-12,204.21,204.61,200.19,202.02,2559064
2021-05-13,202.02,204.25,200.74,204.2,1887524
2021-05-14,204.2,204.22,203.76,203.99,1002456
2021-05-15,203.99,204.89,203.99,204.81,2468029
2021-05-16,204.81,207.97,204.7,207.95,1918322
2021-05-17,207.95,207.97,198.45,198.51,3794663
2021-05-18,198.51,202.74,198.45,202.53,2754955
2021-05-19,202.53,202.82,199.27,199.49,2363489
2021-05-20,199.49,201.92,199.2,201.84,2815555
2021-05-21,201.84,202.61,201.62,202.27,1877437
2021-05-22,202.27,204.22,201.93,204.2,1624629
2021-05-23,204.2,204.4,203.94,204.04,3513003
2021-05-24,204.04,204.21,203.45,203.62,1703548
2021-05-25,203.62,203.92,203.39,203.66,1439123
2021-05-26,203.66,204.02,202.8,203.04,2272652
2021-05-27,203.04,205.05,202.48,204.76,2055546
2021-05-28,204.76,204.85,202.52,202.98,2158106
2021-05-29,202.98,203.09,201.78,201.98,4225149
2021-05-30,201.98,201.99,200.89,200.96,1623432
2021-05-31,200.96,207.72,199.3,205.03,2356790
2021-06-01,205.03,217.1,204.79,215.88,4136270
2021-06-02,215.88,216.77,215.16,215.75,2238654
2021-06-03,215.75,216.22,215.15,215.41,1048056
2021-06-04,215.41,216.95,214.82,215.87,980553
2021-06-05,215.87,217.27,215.8,217.2,1551075
2021-06-06,217.2,217.36,213.53,213.95,1694954
2021-06-07,213.95,214.66,213.91,214.27,1383220
2021-06-08,214.27,218.01,214.22,217.94,2635009
2021-06-09,217.94,219.34,217.25,218.55,1280857
2021-06-10,218.55,218.9,218.51,218.82,1052364
2021-06-11,218.82,220.24,217.95,219.99,1800538
2021-06-12,219.99,220.26,215.79,216.13,2924619
2021-06-13,216.13,218.99,215.61,218.01,1363433
2021-06-14,218.01,218.03,217.25,217.37,2155511
2021-06-15,217.37,218.8,208.31,210.2,3680548
2021-06-16,210.2,210.66,209.56,210.02,2156001
2021-06-17,210.02,211.3,209.27,210.73,2509948
2021-06-18,210.73,211.0,209.84,209.86,3714054
2021-06-19,209.86,210.17,209.79,210.14,1402622
2021-06-20,210.14,211.69,209.72,211.41,1857934
2021-06-21,211.41,212.57,210.86,212.07,1468257
2021-06-22,212.07,213.33,211.65,213.08,1738480
2021-06-23,213.08,213.97,212.61,213.1,2656918
2021-06-24,213.1,213.18,210.99,211.32,1430705
2021-06-25,211.32,211.37,195.69,197.2,4607696
2021-06-26,197.2,197.8,195.77,196.24,2733973
2021-06-27,196.24,196.4,191.12,191.22,3461534
2021-06-28,191.22,204.84,189.88,203.87,4535075
2021-06-29,203.87,203.89,202.75,202.98,2249432
2021-06-30,202.98,203.61,201.91,202.41,1827724
2021-07-01,202.41,202.85,201.44,201.78,2773424
2021-07-02,201.78,203.36,199.94,201.95,1580549
2021-07-03,201.95,209.0,201.9,208.98,3881196
2021-07-04,208.98,209.57,207.76,208.12,4454244
2021-07-05,208.12,210.05,207.78,208.56,1954566
2021-07-06,208.56,208.81,207.26,207.62,1751365
2021-07-07,207.62,207.9,199.21,199.51,3927037
2021-07-08,199.51,202.21,192.48,195.5,2347537
2021-07-09,195.5,198.34,195.22,195.28,3856020
2021-07-10,195.28,196.18,192.48,193.06,2166933
2021-07-11,193.06,193.1,190.89,190.98,1914491
2021-07-12,190.98,191.03,188.98,189.16,1637780
2021-07-13,189.16,189.53,188.08,188.97,2279903
2021-07-14,188.97,189.39,186.71,187.14,2528464
2021-07-15,187.14,189.33,186.99,189.06,1788287
2021-07-16,189.06,195.21,188.43,189.9,2055157
2021-07-17,189.9,191.17,176.47,176.6,4599228
2021-07-18,176.6,176.68,174.3,174.5,2195360
2021-07-19,174.5,174.8,167.9,168.11,3619440
2021-07-20,168.11,171.95,167.91,170.21,3470283
2021-07-21,170.21,171.64,169.88,171.41,1530284
2021-07-22,171.41,171.81,169.26,169.86,1481520
2021-07-23,169.86,170.02,169.72,170.01,1182843
2021-07-24,170.01,170.02,169.9,169.93,1037620
2021-07-25,169.93,170.72,169.87,170.67,2669670
2021-07-26,170.67,172.68,168.88,172.19,3112537
2021-07-27,172.19,172.47,166.53,166.65,3309578
2021-07-28,166.65,166.81,164.28,164.78,2906293
2021-07-29,164.78,165.42,154.28,158.39,3544337
2021-07-30,158.39,159.32,158.33,159.3,1737559
2021-07-31,159.3,159.48,159.27,159.38,1372702
2021-08-01,159.38,169.27,157.98,167.5,3841689
2021-08-02,167.5,167.71,167.26,167.5,961375
2021-08-03,167.5,167.52,164.13,164.19,2638392
2021-08-04,164.19,164.37,155.64,156.08,4014697
2021-08-05,156.08,156.51,148.96,149.73,4029433
2021-08-06,149.73,152.41,138.59,141.75,4285097
2021-08-07,141.75,145.24,141.3,143.7,2104685
2021-08-08,143.7,147.93,142.72,147.43,2429553
2021-08-09,147.43,149.42,136.15,136.27,5474712
2021-08-10,136.27,142.02,136.13,140.9,3617852
2021-08-11,140.9,140.94,139.71,139.75,1472613
2021-08-12,139.75,143.08,138.28,140.49,1806098
2021-08-13,140.49,143.98,139.2,143.8,2790610
2021-08-14,143.8,147.34,142.61,145.86,1908106
2021-08-15,145.86,146.04,145.56,145.68,1305396
2021-08-16,145.68,146.79,143.25,143.69,2311767
2021-08-17,143.69,145.25,136.04,137.06,3430524
2021-08-18,137.06,139.92,131.0,133.03,3180812
2021-08-19,133.03,133.83,131.65,132.27,1426652
2021-08-20,132.27,132.48,129.18,129.52,3252305
2021-08-21,129.52,129.65,129.12,129.47,3736309
2021-08-22,129.47,129.67,129.38,129.56,1184475
2021-08-23,129.56,129.83,129.13,129.21,1940098
2021-08-24,129.21,131.14,126.27,126.9,2098820
2021-08-25,126.9,127.31,126.89,127.11,2266909
2021-08-26,127.11,129.14,126.65,128.62,1619936
2021-08-27,128.62,129.05,121.54,121.83,4482619
2021-08-28,121.83,130.87,120.85,130.78,4688629
2021-08-29,130.78,131.42,129.24,130.17,1633153
2021-08-30,130.17,130.31,130.16,130.29,1141151
2021-08-31,130.29,130.55,130.03,130.3,2013143
2021-09-01,130.3,130.51,129.98,130.0,1272235
2021-09-02,130.0,131.66,129.16,130.98,2194619
2021-09-03,130.98,133.08,127.87,128.24,2399562
2021-09-04,128.24,128.39,121.04,121.18,4276851
2021-09-05,121.18,121.63,119.01,119.14,2424510
2021-09-06,119.14,119.44,114.79,115.04,2935794
2021-09-07,115.04,115.24,111.12,111.44,3199515
2021-09-08,111.44,113.63,106.07,107.3,4544825
2021-09-09,107.3,107.39,102.54,102.57,3428355
2021-09-10,102.57,103.99,96.77,98.19,4477960
2021-09-11,98.19,98.27,85.89,86.11,9179609
2021-09-12,86.11,86.5,80.55,80.72,4396739
2021-09-13,80.72,80.93,78.99,79.15,1966666
2021-09-14,79.15,79.56,76.58,77.42,2768681
2021-09-15,77.42,79.63,68.77,70.86,5689745
2021-09-16,70.86,73.67,69.56,72.73,4349704
2021-09-17,72.73,73.16,69.62,69.67,3667993
2021-09-18,69.67,72.29,69.54,72.16,2928427
2021-09-19,72.16,72.64,71.86,72.61,1372970
2021-09-20,72.61,72.77,72.11,72.11,2567913
2021-09-21,72.11,73.88,71.94,73.73,2358120
2021-09-22,73.73,73.78,70.47,70.8,3545359
2021-09-23,70.8,71.2,70.7,71.15,2357474
2021-09-24,71.15,74.73,69.84,73.8,3115561
2021-09-25,73.8,73.86,71.52,72.32,2491757
2021-09-26,72.32,74.66,72.3,74.42,2919681
2021-09-27,74.42,74.45,74.34,74.35,1954796
2021-09-28,74.35,74.51,74.18,74.47,1930799
2021-09-29,74.47,75.12,74.34,74.93,1699264
2021-09-30,74.93,75.11,74.65,74.72,1669195
2021-10-01,74.72,75.08,74.72,75.05,1548067
2021-10-02,75.05,75.38,75.05,75.37,1191056
2021-10-03,75.37,75.41,74.69,74.74,2059596
2021-10-04,74.74,79.84,74.21,78.67,5639343
2021-10-05,78.67,78.67,74.55,74.72,3719711
2021-10-06,74.72,75.35,74.57,75.13,1452557
2021-10-07,75.13,75.58,75.12,75.57,1443705
2021-10-08,75.57,75.58,75.15,75.18,2194365
2021-10-09,75.18,75.23,74.99,75.05,1839078
2021-10-10,75.05,75.29,74.49,74.66,1685217
2021-10-11,74.66,74.8,74.29,74.6,1170639
2021-10-12,74.6,74.68,74.14,74.18,1834516
2021-10-13,74.18,80.01,71.13,77.15,2921499
2021-10-14,77.15,83.48,76.54,82.4,4865119
2021-10-15,82.4,89.14,80.9,87.25,4909887
2021-10-16,87.25,87.68,86.49,86.51,1464319
2021-10-17,86.51,87.53,85.02,85.63,1472803
2021-10-18,85.63,85.83,78.68,79.09,6676210
2021-10-19,79.09,79.29,76.16,76.35,2999406
2021-10-20,76.35,80.16,76.05,79.41,4230114
2021-10-21,79.41,85.19,79.41,84.95,4797127
2021-10-22,84.95,86.94,79.69,81.31,3610913
2021-10-23,81.31,81.39,79.62,80.29,2377722
2021-10-24,80.29,80.36,80.28,80.29,1144627
2021-10-25,80.29,80.59,80.2,80.53,1716428
2021-10-26,80.53,80.53,80.23,80.23,1513744
2021-10-27,80.23,80.56,80.08,80.42,1137739
2021-10-28,80.42,80.68,79.56,80.15,1854288
2021-10-29,80.15,80.19,80.13,80.17,1388031
2021-10-30,80.17,82.32,78.21,81.78,2416789
2021-10-31,81.78,81.93,81.73,81.8,1062636
2021-11-01,81.8,81.86,80.85,80.85,3301680
2021-11-02,80.85,80.9,79.82,80.43,2309182
2021-11-03,80.43,80.6,80.39,80.42,2126526
2021-11-04,80.42,80.55,80.05,80.3,1435870
2021-11-05,80.3,80.36,80.12,80.22,970922
2021-11-06,80.22,80.94,80.11,80.89,3569699
2021-11-07,80.89,81.16,80.88,81.14,1625143
2021-11-08,81.14,81.17,81.01,81.04,1246571
2021-11-09,81.04,83.63,80.63,83.4,3166591
2021-11-10,83.4,83.63,81.74,82.04,3111957
2021-11-11,82.04,88.1,80.78,87.03,4436352
2021-11-12,87.03,90.53,86.95,88.68,3334235
2021-11-13,88.68,89.04,88.26,88.48,2330301
2021-11-14,88.48,89.03,88.46,88.98,1366687
2021-11-15,88.98,89.18,85.43,86.02,2907899
2021-11-16,86.02,86.06,85.45,85.56,2380777
2021-11-17,85.56,85.91,83.39,83.57,1934145
2021-11-18,83.57,84.15,82.59,83.77,1545611
2021-11-19,83.77,85.08,83.63,84.76,1577910
2021-11-20,84.76,89.06,84.62,88.93,3688464
2021-11-21,88.93,90.71,88.78,90.63,2311887
2021-11-22,90.63,92.6,89.52,91.59,1861284
2021-11-23,91.59,91.92,84.27,84.83,5091288
2021-11-24,84.83,84.97,83.94,84.03,1552046
2021-11-25,84.03,84.27,82.1,82.11,4802172
2021-11-26,82.11,82.17,79.39,80.13,4265546
2021-11-27,80.13,80.25,79.0,79.74,1303768
2021-11-28,79.74,81.4,77.78,78.44,3528617
2021-11-29,78.44,78.48,77.15,77.21,2108036
2021-11-30,77.21,78.93,76.75,78.81,2591142
2021-12-01,78.81,78.82,76.77,77.01,2622915
2021-12-02,77.01,77.23,76.9,77.22,1357963
2021-12-03,77.22,82.6,77.22,82.46,5417730
2021-12-04,82.46,82.52,80.92,81.32,2261028
2021-12-05,81.32,81.5,80.08,80.32,1905557
2021-12-06,80.32,80.48,79.98,80.23,1077350
2021-12-07,80.23,81.87,80.19,81.85,2135639
2021-12-08,81.85,82.68,81.83,82.68,1444714
2021-12-09,82.68,82.79,78.54,78.66,3999158
2021-12-10,78.66,78.88,78.65,78.88,1188902
2021-12-11,78.88,80.9,76.06,77.46,2282649
2021-12-12,77.46,79.57,74.8,77.14,2686525
2021-12-13,77.14,84.96,77.09,84.93,7128512
2021-12-14,84.93,85.15,82.0,82.08,3191462
2021-12-15,82.08,83.29,81.81,82.73,1850610
2021-12-16,82.73,84.27,82.63,83.81,3712700
2021-12-17,83.81,89.19,83.67,88.31,4408315
2021-12-18,88.31,89.23,88.13,88.74,1591727
2021-12-19,88.74,90.62,87.07,90.03,1714808
2021-12-20,90.03,92.09,88.09,88.82,2395757
2021-12-21,88.82,89.74,88.8,89.61,2458321
2021-12-22,89.61,90.54,88.34,88.54,1833301
2021-12-23,88.54,88.89,88.49,88.84,1827127
2021-12-24,88.84,88.89,88.62,88.7,1411181
2021-12-25,88.7,89.6,88.6,89.42,1814849
2021-12-26,89.42,90.12,89.18,89.38,807091
2021-12-27,89.38,91.29,89.38,91.28,2442274
2021-12-28,91.28,91.7,90.6,91.22,2155094
2021-12-29,91.22,91.47,86.69,87.38,3378601
2021-12-30,87.38,88.84,87.22,88.78,2322566
2021-12-31,88.78,89.04,88.28,88.41,1396680
2022-01-01,88.41,88.57,87.75,87.88,1996842
2022-01-02,87.88,87.89,87.43,87.65,1531308
2022-01-03,87.65,89.94,87.64,89.36,2093072
2022-01-04,89.36,89.38,88.17,88.44,2965891
2022-01-05,88.44,96.09,88.41,96.07,6229654
2022-01-06,96.07,100.64,94.63,99.64,3065496
2022-01-07,99.64,100.8,99.55,100.5,2212793
2022-01-08,100.5,100.9,99.58,100.26,1930505
2022-01-09,100.26,102.1,100.14,101.73,2607598
2022-01-10,101.73,104.55,101.64,104.45,2246450
2022-01-11,104.45,105.22,104.11,105.11,2471863
2022-01-12,105.11,105.73,104.83,105.44,1406028
2022-01-13,105.44,105.95,105.09,105.51,1373573
2022-01-14,105.51,105.56,105.37,105.42,4285848
2022-01-15,105.42,105.5,105.16,105.18,1777661
2022-01-16,105.18,105.2,105.09,105.1,1358076
2022-01-17,105.1,106.27,105.02,106.27,1381866
2022-01-18,106.27,106.82,106.06,106.61,2666861
2022-01-19,106.61,106.77,105.06,105.09,1730474
2022-01-20,105.09,105.5,105.08,105.47,1284463
2022-01-21,105.47,105.63,105.32,105.6,1411004
2022-01-22,105.6,105.88,105.47,105.62,2540668
2022-01-23,105.62,105.73,105.27,105.45,2054126
2022-01-24,105.45,108.73,104.51,108.7,2943899
2022-01-25,108.7,109.43,108.62,109.39,1980490
2022-01-26,109.39,110.54,103.08,105.27,3157869
2022-01-27,105.27,108.43,104.5,107.47,2604953
2022-01-28,107.47,109.3,100.75,102.42,3946473
2022-01-29,102.42,103.16,98.08,98.44,4104476
2022-01-30,98.44,99.06,95.05,95.95,3399555
2022-01-31,95.95,98.46,95.52,98.23,2951381
2022-02-01,98.23,101.47,97.97,100.89,2672843
2022-02-02,100.89,104.94,99.9,103.54,3246767
2022-02-03,103.54,107.43,101.75,106.96,3075375
2022-02-04,106.96,112.18,104.63,109.78,2387636
2022-02-05,109.78,111.1,107.2,107.58,2333133
2022-02-06,107.58,110.45,107.45,108.99,2193593
2022-02-07,108.99,114.17,108.1,113.47,4092367
2022-02-08,113.47,117.69,112.52,117.37,3100745
2022-02-09,117.37,130.01,111.5,126.1,4633576
2022-02-10,126.1,133.68,125.23,132.26,3914536
2022-02-11,132.26,136.93,129.2,135.06,2606943
2022-02-12,135.06,149.41,131.13,143.36,4580108
2022-02-13,143.36,146.53,142.58,144.95,2632669
2022-02-14,144.95,147.4,137.5,140.41,3754081
2022-02-15,140.41,140.91,140.17,140.61,1314878
2022-02-16,140.61,140.64,140.21,140.3,1346088
2022-02-17,140.3,140.32,140.01,140.04,1188256
2022-02-18,140.04,140.2,139.89,140.15,1957097
2022-02-19,140.15,140.27,138.53,138.79,3048824
2022-02-20,138.79,140.25,138.41,138.64,1410792
2022-02-21,138.64,138.79,137.23,137.54,1784689
2022-02-22,137.54,138.9,137.35,138.41,2898659
2022-02-23,138.41,140.09,138.3,139.3,2108751
2022-02-24,139.3,139.98,135.08,136.54,2745637
2022-02-25,136.54,145.46,134.51,142.86,3314424
2022-02-26,142.86,151.98,142.12,151.57,4862979
2022-02-27,151.57,152.51,141.1,141.59,4532306
2022-02-28,141.59,143.43,138.15,138.36,2223035
2022-03-01,138.36,138.61,137.27,137.52,1644922
2022-03-02,137.52,137.53,133.72,135.35,2042253
2022-03-03,135.35,138.44,135.0,137.75,2276425
2022-03-04,137.75,139.34,135.28,137.12,1217971
2022-03-05,137.12,137.37,136.68,136.98,2166246
2022-03-06,136.98,137.15,135.48,135.65,2743379
2022-03-07,135.65,138.8,134.55,138.02,1742980
2022-03-08,138.02,139.04,133.69,133.93,3633879
2022-03-09,133.93,134.63,132.51,134.27,1292304
2022-03-10,134.27,136.64,133.02,135.62,2534718
2022-03-11,135.62,144.75,133.63,141.94,3743756
2022-03-12,141.94,143.28,132.67,133.01,4764653
2022-03-13,133.01,133.44,119.27,119.42,6799169
2022-03-14,119.42,121.01,117.89,120.23,2672957
2022-03-15,120.23,125.64,119.12,125.52,3191161
2022-03-16,125.52,128.25,124.69,127.74,2730303
2022-03-17,127.74,128.13,127.71,127.98,2328165
2022-03-18,127.98,128.01,127.23,127.24,2220633
2022-03-19,127.24,127.83,127.18,127.79,3914217
2022-03-20,127.79,131.54,122.49,124.05,2752607
2022-03-21,124.05,125.45,123.59,124.74,2391882
2022-03-22,124.74,125.47,124.57,125.25,1650358
2022-03-23,125.25,126.09,125.06,125.95,2632861
2022-03-24,125.95,139.04,125.55,138.63,6290833
2022-03-25,138.63,143.15,136.39,140.66,2051075
2022-03-26,140.66,142.57,135.17,137.17,3678774
2022-03-27,137.17,137.23,137.14,137.15,1288177
2022-03-28,137.15,137.85,131.18,132.1,2869659
2022-03-29,132.1,132.12,128.67,128.68,2585401
2022-03-30,128.68,130.53,125.17,126.77,2610209
2022-03-31,126.77,130.56,119.65,123.52,3800973
2022-04-01,123.52,124.36,121.25,124.24,1845265
2022-04-02,124.24,124.26,118.81,119.27,4474098
2022-04-03,119.27,127.12,118.61,126.18,3824656
2022-04-04,126.18,126.61,125.32,126.22,1316613
2022-04-05,126.22,126.63,125.43,126.23,1367925
2022-04-06,126.23,126.58,123.86,124.21,2249066
2022-04-07,124.21,127.08,122.62,125.22,1945920
2022-04-08,125.22,129.27,123.98,129.0,3402199
2022-04-09,129.0,129.15,126.0,126.28,2367978
2022-04-10,126.28,126.98,124.46,124.83,2150365
2022-04-11,124.83,124.96,124.52,124.68,1538622
2022-04-12,124.68,124.73,123.86,123.88,1450895
2022-04-13,123.88,123.9,123.37,123.41,1634565
2022-04-14,123.41,123.67,123.1,123.15,1534744
2022-04-15,123.15,123.78,123.08,123.73,1654647
2022-04-16,123.73,124.62,123.39,124.1,1667406
2022-04-17,124.1,127.82,122.98,125.14,1955851
2022-04-18,125.14,127.35,124.98,127.18,2113559
2022-04-19,127.18,127.19,126.47,126.56,2633259
2022-04-20,126.56,129.34,125.97,128.13,1673852
2022-04-21,128.13,128.27,126.81,127.8,1326558
2022-04-22,127.8,130.22,127.19,129.2,5058457
2022-04-23,129.2,130.54,126.94,128.14,1505732
2022-04-24,128.14,128.39,121.38,121.49,3675215
2022-04-25,121.49,121.96,120.9,121.13,2092052
2022-04-26,121.13,126.99,120.68,126.98,3212273
2022-04-27,126.98,132.71,126.12,131.4,3100378
2022-04-28,131.4,138.28,131.22,137.94,5852376
2022-04-29,137.94,144.26,137.51,143.8,3044003
2022-04-30,143.8,144.29,143.14,144.11,977887
2022-05-01,144.11,144.73,144.07,144.36,1060072
2022-05-02,144.36,144.39,143.72,143.96,2206439
2022-05-03,143.96,144.06,143.49,143.78,2318876
2022-05-04,143.78,147.33,143.52,146.46,2196570
2022-05-05,146.46,155.91,146.4,155.59,4931917
2022-05-06,155.59,155.71,154.81,154.88,2731497
2022-05-07,154.88,154.97,153.73,153.83,3286078
2022-05-08,153.83,154.35,152.32,153.87,1399772
2022-05-09,153.87,155.09,153.87,155.09,1209177
2022-05-10,155.09,155.95,146.84,149.6,2965384
2022-05-11,149.6,150.3,138.94,140.35,4497226
2022-05-12,140.35,140.74,139.59,140.01,1501195
2022-05-13,140.01,140.81,131.78,133.92,3632308
2022-05-14,133.92,134.32,129.8,130.6,3505055
2022-05-15,130.6,130.79,129.67,129.99,2627019
2022-05-16,129.99,130.93,127.78,128.62,1946546
2022-05-17,128.62,134.63,128.23,134.1,4317687
2022-05-18,134.1,138.2,132.72,135.62,2258953
2022-05-19,135.62,139.33,131.36,137.49,2217341
2022-05-20,137.49,142.18,134.53,141.88,3643970
2022-05-21,141.88,142.18,134.94,135.19,3950977
2022-05-22,135.19,139.12,134.98,138.59,4540660
2022-05-23,138.59,138.78,138.49,138.58,991080
2022-05-24,138.58,139.54,138.19,139.09,1455535
2022-05-25,139.09,139.37,138.29,138.38,1693671
2022-05-26,138.38,141.01,127.11,129.75,4964486
2022-05-27,129.75,133.6,127.89,132.83,3557828
2022-05-28,132.83,134.92,132.37,134.44,2089224
2022-05-29,134.44,134.99,130.67,131.02,2280054
2022-05-30,131.02,131.06,124.97,125.48,4183033
2022-05-31,125.48,135.17,122.29,132.78,4787190
2022-06-01,132.78,132.81,125.15,127.32,2979850
2022-06-02,127.32,133.03,127.09,132.35,3437948
2022-06-03,132.35,132.84,126.81,127.35,2880774
2022-06-04,127.35,132.34,126.46,131.51,2828233
2022-06-05,131.51,135.88,126.88,129.41,1943279
2022-06-06,129.41,133.41,129.41,133.41,3521719
2022-06-07,133.41,135.86,129.61,130.65,2606562
2022-06-08,130.65,131.06,128.59,129.67,1402547
2022-06-09,129.67,133.0,128.75,129.97,2170056
2022-06-10,129.97,132.25,121.49,123.66,3478730
2022-06-11,123.66,129.17,123.3,128.36,3546521
2022-06-12,128.36,129.65,123.87,125.15,2433674
2022-06-13,125.15,125.19,123.66,123.76,1889402
2022-06-14,123.76,125.68,115.92,117.8,4257643
2022-06-15,117.8,119.57,102.34,103.66,8188704
2022-06-16,103.66,108.34,98.11,102.85,2845627
2022-06-17,102.85,114.12,102.75,114.04,6626382
2022-06-18,114.04,120.66,111.95,118.64,3642098
2022-06-19,118.64,120.2,117.72,118.61,1317184
2022-06-20,118.61,118.76,117.44,117.55,2046219
2022-06-21,117.55,118.42,116.83,117.65,1789105
2022-06-22,117.65,119.5,117.47,119.27,2136931
2022-06-23,119.27,119.27,112.62,112.62,3772487
2022-06-24,112.62,120.5,111.52,118.97,4422537
2022-06-25,118.97,120.68,118.25,118.82,1764891
2022-06-26,118.82,119.31,118.25,118.8,1221472
2022-06-27,118.8,119.64,117.03,117.72,1480544
2022-06-28,117.72,117.91,113.34,114.26,4082387
2022-06-29,114.26,115.32,111.05,113.86,1956391
2022-06-30,113.86,114.5,112.27,113.17,1693498
2022-07-01,113.17,114.15,106.42,108.12,3349039
2022-07-02,108.12,108.67,101.54,102.08,4036701
2022-07-03,102.08,103.78,98.62,98.86,4023382
2022-07-04,98.86,102.56,98.7,102.45,3355848
2022-07-05,102.45,102.73,93.03,93.4,5883455
2022-07-06,93.4,95.14,83.26,83.62,7319074
2022-07-07,83.62,83.81,79.95,81.24,2611625
2022-07-08,81.24,81.57,78.9,79.18,3903601
2022-07-09,79.18,80.51,77.01,77.46,3563901
2022-07-10,77.46,79.1,75.14,75.54,2542043
2022-07-11,75.54,75.64,73.57,73.7,2464364
2022-07-12,73.7,76.49,72.74,75.21,1782486
2022-07-13,75.21,75.31,73.12,73.23,2309215
2022-07-14,73.23,74.73,68.17,69.27,3792210
2022-07-15,69.27,69.29,68.91,69.0,1768245
2022-07-16,69.0,69.01,68.18,68.2,1932789
2022-07-17,68.2,68.39,68.01,68.06,1111798
2022-07-18,68.06,73.62,67.55,73.3,5074832
2022-07-19,73.3,73.78,73.19,73.38,1844096
2022-07-20,73.38,73.88,73.34,73.84,2116716
2022-07-21,73.84,74.39,68.94,69.35,4022216
2022-07-22,69.35,69.36,68.55,68.64,1954176
2022-07-23,68.64,68.65,68.52,68.53,1079538
2022-07-24,68.53,68.62,67.28,68.24,2285016
2022-07-25,68.24,68.73,68.24,68.7,2315457
2022-07-26,68.7,68.96,68.67,68.91,1292680
2022-07-27,68.91,69.33,67.01,67.43,2270871
2022-07-28,67.43,68.03,66.36,67.85,1604299
2022-07-29,67.85,68.74,67.8,68.25,1125159
2022-07-30,68.25,68.85,68.1,68.67,1982955
2022-07-31,68.67,71.34,68.17,71.25,3216882
2022-08-01,71.25,71.49,67.75,68.78,3887673
2022-08-02,68.78,68.86,67.07,67.1,2309139
2022-08-03,67.1,67.35,62.75,63.03,4362713
2022-08-04,63.03,63.2,62.45,62.69,1245992
2022-08-05,62.69,62.86,62.69,62.85,1236820
2022-08-06,62.85,63.18,62.84,63.18,1315611
2022-08-07,63.18,63.3,63.01,63.18,2149393
2022-08-08,63.18,63.6,62.78,62.98,1359288
2022-08-09,62.98,63.34,62.94,63.06,1623713
2022-08-10,63.06,63.5,62.0,62.37,1876950
2022-08-11,62.37,63.05,62.37,63.04,1567461
2022-08-12,63.04,63.07,59.56,59.65,4183560
2022-08-13,59.65,60.05,58.83,60.01,2147597
2022-08-14,60.01,66.63,60.0,66.42,6120702
2022-08-15,66.42,66.62,65.7,66.46,2030637
2022-08-16,66.46,67.39,63.31,65.85,1613958
2022-08-17,65.85,66.59,63.85,64.7,2164068
2022-08-18,64.7,65.03,63.91,64.14,2239855
2022-08-19,64.14,69.8,62.53,68.72,4664810
2022-08-20,68.72,70.14,59.84,61.54,7033619
2022-08-21,61.54,67.13,61.03,66.47,5202993
2022-08-22,66.47,66.61,61.71,61.92,5111714
2022-08-23,61.92,62.0,61.16,61.21,1381147
2022-08-24,61.21,61.56,59.93,59.93,1958691
2022-08-25,59.93,61.2,59.83,61.11,2837143
2022-08-26,61.11,61.87,54.83,56.43,6159969
2022-08-27,56.43,58.69,55.55,57.65,2198352
2022-08-28,57.65,59.26,57.62,59.25,2760639
2022-08-29,59.25,59.26,57.98,58.0,2724738
2022-08-30,58.0,58.34,57.94,58.08,1976689
2022-08-31,58.08,58.1,57.15,57.23,1592979
2022-09-01,57.23,57.54,57.23,57.46,1336160
2022-09-02,57.46,57.64,57.29,57.48,1366587
2022-09-03,57.48,57.75,57.27,57.31,2066669
2022-09-04,57.31,57.53,57.27,57.47,4124573
2022-09-05,57.47,58.08,57.41,58.01,1858342
2022-09-06,58.01,58.01,57.96,57.97,1027581
2022-09-07,57.97,58.97,57.93,58.87,2490234
2022-09-08,58.87,58.93,56.14,56.23,4731412
2022-09-09,56.23,56.54,53.75,54.03,3542756
2022-09-10,54.03,54.73,53.07,54.55,1612119
2022-09-11,54.55,56.25,54.46,56.03,3452863
2022-09-12,56.03,56.45,56.0,56.39,2213887
2022-09-13,56.39,56.42,56.32,56.32,1161937
2022-09-14,56.32,57.24,54.37,56.34,1723844
2022-09-15,56.34,56.37,52.36,52.94,5257487
2022-09-16,52.94,54.47,52.7,54.31,3583548
2022-09-17,54.31,58.06,53.21,56.24,3217886
2022-09-18,56.24,56.9,54.59,55.23,2242748
2022-09-19,55.23,55.27,55.1,55.12,2449647
2022-09-20,55.12,55.21,55.12,55.21,1127500
2022-09-21,55.21,55.26,55.1,55.11,1839371
2022-09-22,55.11,55.12,55.1,55.1,1005616
2022-09-23,55.1,55.87,55.08,55.7,2743435
2022-09-24,55.7,56.09,54.87,55.15,1878431
2022-09-25,55.15,55.41,54.04,54.19,3266536
2022-09-26,54.19,54.22,52.95,53.0,2889483
2022-09-27,53.0,54.81,52.69,54.77,2692854
2022-09-28,54.77,55.33,53.91,54.3,2976763
2022-09-29,54.3,55.14,51.33,52.58,4280376
2022-09-30,52.58,56.67,51.57,55.99,5200485
2022-10-01,55.99,58.6,55.98,58.52,3392642
2022-10-02,58.52,59.68,55.88,57.05,2633662
2022-10-03,57.05,57.41,51.7,52.2,6017585
2022-10-04,52.2,55.99,51.48,54.91,3737166
2022-10-05,54.91,55.08,52.49,53.08,4527285
2022-10-06,53.08,55.82,51.43,55.24,3566394
2022-10-07,55.24,55.3,51.15,51.52,4240277
2022-10-08,51.52,53.97,51.45,53.89,3931416
2022-10-09,53.89,54.0,49.1,50.74,4353160
2022-10-10,50.74,53.34,50.5,52.64,3305140
2022-10-11,52.64,53.11,52.51,52.68,1369812
2022-10-12,52.68,54.11,49.32,50.24,4366938
2022-10-13,50.24,50.95,48.19,49.24,3252990
2022-10-14,49.24,50.51,49.08,50.39,2805346
2022-10-15,50.39,50.53,50.38,50.52,1472139
2022-10-16,50.52,51.1,50.31,50.95,1904571
2022-10-17,50.95,53.34,50.87,53.27,3729789
2022-10-18,53.27,53.58,50.44,50.7,3636779
2022-10-19,50.7,52.38,50.53,52.24,3329649
2022-10-20,52.24,52.78,51.79,52.35,1863236
2022-10-21,52.35,52.47,49.96,50.06,4892202
2022-10-22,50.06,50.29,46.79,46.86,5684034
2022-10-23,46.86,47.1,46.37,46.43,1667554
2022-10-24,46.43,48.59,46.29,48.5,4186080
2022-10-25,48.5,48.55,47.96,48.23,1399088
2022-10-26,48.23,53.52,47.45,52.03,5709071
2022-10-27,52.03,52.1,50.14,50.14,3125322
2022-10-28,50.14,50.35,50.13,50.14,1102900
2022-10-29,50.14,50.16,49.56,49.84,1948398
2022-10-30,49.84,50.7,49.71,50.11,1026363
2022-10-31,50.11,51.64,49.51,51.31,2105007
2022-11-01,51.31,51.36,50.88,51.0,1723017
2022-11-02,51.0,51.01,45.19,45.19,7581218
2022-11-03,45.19,45.42,44.9,45.38,1530714
2022-11-04,45.38,45.63,45.36,45.49,1078157
2022-11-05,45.49,45.95,45.09,45.69,1385318
2022-11-06,45.69,47.53,45.63,47.51,3665792
2022-11-07,47.51,47.72,44.95,45.04,4500252
2022-11-08,45.04,46.65,45.03,46.62,3210347
2022-11-09,46.62,50.19,45.21,50.09,5879481
2022-11-10,50.09,50.35,46.45,46.73,5199702
2022-11-11,46.73,47.86,46.68,47.76,2284252
2022-11-12,47.76,47.77,46.7,47.15,2014589
2022-11-13,47.15,47.55,47.14,47.54,1407067
2022-11-14,47.54,47.98,47.54,47.96,1893490
2022-11-15,47.96,48.03,47.39,47.46,2771880
2022-11-16,47.46,47.48,46.4,46.45,2982938
2022-11-17,46.45,47.19,45.69,46.9,2992569
2022-11-18,46.9,47.28,45.31,45.37,3015064
2022-11-19,45.37,45.73,42.58,43.63,4414835
2022-11-20,43.63,45.65,43.0,45.63,3644497
2022-11-21,45.63,46.78,43.4,44.26,4103004
2022-11-22,44.26,45.3,44.08,45.01,2323828
2022-11-23,45.01,45.87,44.51,45.56,2535310
2022-11-24,45.56,45.75,42.75,42.95,5541965
2022-11-25,42.95,44.73,41.89,42.07,2443097
2022-11-26,42.07,44.44,42.04,44.38,4282972
2022-11-27,44.38,44.4,42.76,42.78,4240134
2022-11-28,42.78,42.79,42.64,42.74,1476762
2022-11-29,42.74,43.67,42.52,43.62,2038211
2022-11-30,43.62,43.92,43.56,43.81,3630613
2022-12-01,43.81,43.87,43.71,43.77,1338548
2022-12-02,43.77,43.86,43.64,43.65,1716991
2022-12-03,43.65,44.08,43.58,43.97,2653068
2022-12-04,43.97,46.3,43.77,46.26,3766826
2022-12-05,46.26,47.1,46.25,47.09,1993800
2022-12-06,47.09,47.43,47.07,47.2,1753561
2022-12-07,47.2,47.36,46.12,46.38,1784256
2022-12-08,46.38,46.6,45.06,45.23,2621070
2022-12-09,45.23,47.01,44.29,45.96,2436086
2022-12-10,45.96,46.14,45.91,46.07,1493336
2022-12-11,46.07,47.8,46.05,47.77,2773036
2022-12-12,47.77,48.24,47.74,48.24,3201994
2022-12-13,48.24,48.27,47.89,47.89,1913902
2022-12-14,47.89,48.28,47.82,48.16,2823351
2022-12-15,48.16,48.3,46.01,46.48,3145376
2022-12-16,46.48,46.52,45.59,45.61,2088960
2022-12-17,45.61,46.09,45.58,46.08,2149797
2022-12-18,46.08,49.23,46.02,48.89,4358239
2022-12-19,48.89,52.28,48.45,52.26,4387375
2022-12-20,52.26,54.13,51.91,53.88,4117064
2022-12-21,53.88,53.9,53.34,53.41,1675606
2022-12-22,53.41,55.36,53.25,54.87,2249730
2022-12-23,54.87,57.51,54.31,57.38,4676846
2022-12-24,57.38,57.78,56.08,56.48,2063797
2022-12-25,56.48,61.36,55.61,60.82,4934828
2022-12-26,60.82,62.96,59.6,61.31,1321975
2022-12-27,61.31,62.62,60.43,62.27,3663068
2022-12-28,62.27,63.52,62.25,63.46,1970122
2022-12-29,63.46,65.06,63.42,64.58,2406786
2022-12-30,64.58,67.27,63.76,66.75,3731200
2022-12-31,66.75,67.38,64.3,64.75,3262870
2023-01-01,64.75,65.01,61.64,63.17,2700226
2023-01-02,63.17,65.02,58.87,60.28,3271879
2023-01-03,60.28,60.45,60.24,60.43,1291943
2023-01-04,60.43,61.88,60.25,61.59,2549208
2023-01-05,61.59,63.07,61.53,62.45,1870653
2023-01-06,62.45,69.26,60.82,67.69,5635661
2023-01-07,67.69,67.79,67.64,67.71,1919773
2023-01-08,67.71,70.52,67.51,69.92,3720272
2023-01-09,69.92,70.04,66.81,66.87,3271700
2023-01-10,66.87,68.24,62.23,65.6,4451881
2023-01-11,65.6,68.32,64.55,66.79,2866161
2023-01-12,66.79,69.29,66.03,68.91,3055992
2023-01-13,68.91,69.1,68.16,68.67,2397599
2023-01-14,68.67,68.78,68.41,68.66,3766085
2023-01-15,68.66,68.75,64.11,64.25,4309915
2023-01-16,64.25,64.62,62.91,63.43,2038429
2023-01-17,63.43,68.12,61.46,65.68,2547724
2023-01-18,65.68,68.33,63.12,67.61,3054130
2023-01-19,67.61,70.4,66.71,69.35,2967115
2023-01-20,69.35,69.68,69.07,69.54,1618073
2023-01-21,69.54,69.64,69.53,69.58,1253549
2023-01-22,69.58,69.83,67.2,67.34,2494686
2023-01-23,67.34,69.61,67.04,69.52,3294374
2023-01-24,69.52,73.17,69.47,70.89,3548637
2023-01-25,70.89,73.4,69.61,72.68,2489199
2023-01-26,72.68,74.48,69.32,70.81,3046201
2023-01-27,70.81,72.3,62.05,63.6,6324900
2023-01-28,63.6,67.37,63.17,67.21,4514729
2023-01-29,67.21,67.31,66.15,66.48,1865245
2023-01-30,66.48,67.19,63.49,63.7,3324974
2023-01-31,63.7,64.83,63.37,64.75,2005707
2023-02-01,64.75,64.76,64.04,64.06,1859058
2023-02-02,64.06,64.89,64.05,64.86,2334820
2023-02-03,64.86,65.52,64.36,65.3,1350436
2023-02-04,65.3,66.23,65.14,66.08,1916294
2023-02-05,66.08,66.34,63.26,64.06,3030977
2023-02-06,64.06,66.72,63.35,66.47,2927176
2023-02-07,66.47,67.4,66.42,67.37,3623631
2023-02-08,67.37,67.58,65.52,66.16,2060821
2023-02-09,66.16,66.59,66.1,66.57,1526757
2023-02-10,66.57,66.6,60.88,60.93,5538732
2023-02-11,60.93,64.07,60.2,62.21,3994366
2023-02-12,62.21,62.33,60.75,60.85,2917628
2023-02-13,60.85,61.11,57.59,58.24,3318021
2023-02-14,58.24,59.99,52.92,54.44,5617868
2023-02-15,54.44,57.28,53.4,56.64,3588958
2023-02-16,56.64,57.53,54.83,54.9,3195423
2023-02-17,54.9,58.73,54.87,58.68,4669544
2023-02-18,58.68,58.86,57.18,57.37,2313493
2023-02-19,57.37,57.65,53.72,53.96,4748205
2023-02-20,53.96,53.97,51.87,51.97,3143114
2023-02-21,51.97,52.73,51.81,52.62,3604035
2023-02-22,52.62,52.66,52.59,52.6,1054097
2023-02-23,52.6,53.32,51.37,51.54,3671128
2023-02-24,51.54,51.83,51.49,51.71,1605612
2023-02-25,51.71,51.88,51.68,51.85,1801748
2023-02-26,51.85,52.18,51.78,52.16,2311113
2023-02-27,52.16,52.58,52.15,52.55,1606822
2023-02-28,52.55,52.63,52.38,52.47,2115468
2023-03-01,52.47,53.07,49.4,49.87,3298578
2023-03-02,49.87,50.86,48.75,48.87,2216342
2023-03-03,48.87,49.88,48.03,49.3,1567138
2023-03-04,49.3,49.91,46.37,46.99,3428721
2023-03-05,46.99,48.18,44.02,44.81,3775974
2023-03-06,44.81,45.62,43.85,45.44,2410208
2023-03-07,45.44,45.55,45.3,45.44,1923793
2023-03-08,45.44,45.6,45.43,45.53,1724983
2023-03-09,45.53,45.73,44.57,44.91,1900020
2023-03-10,44.91,44.96,44.84,44.87,1745227
2023-03-11,44.87,45.1,43.65,43.82,2757614
2023-03-12,43.82,46.44,43.39,45.82,4337338
2023-03-13,45.82,48.42,45.8,48.27,4577843
2023-03-14,48.27,49.17,43.48,44.03,6115824
2023-03-15,44.03,44.62,41.66,42.04,3447281
2023-03-16,42.04,44.16,38.92,39.02,4947785
2023-03-17,39.02,39.27,37.29,37.79,2869711
2023-03-18,37.79,38.82,36.81,37.64,1547757
2023-03-19,37.64,38.36,34.26,35.11,5128156
2023-03-20,35.11,35.29,33.63,33.74,3915484
2023-03-21,33.74,33.77,32.64,32.91,2723952
2023-03-22,32.91,33.07,32.87,33.04,1712249
2023-03-23,33.04,33.08,33.03,33.06,1606618
2023-03-24,33.06,33.11,32.9,32.95,1438066
2023-03-25,32.95,33.04,32.93,32.99,1188789
2023-03-26,32.99,33.04,32.75,32.91,1037400
2023-03-27,32.91,32.91,32.84,32.84,1317690
2023-03-28,32.84,34.99,32.61,34.97,4911936
2023-03-29,34.97,37.68,34.55,37.41,4569815
2023-03-30,37.41,37.54,36.65,36.71,2333933
2023-03-31,36.71,36.88,36.69,36.87,1985086
2023-04-01,36.87,38.13,36.73,37.62,2806963
2023-04-02,37.62,37.63,37.38,37.42,1354950
2023-04-03,37.42,37.58,37.41,37.58,2365993
2023-04-04,37.58,38.59,37.57,38.57,3556371
2023-04-05,38.57,38.58,38.37,38.37,1334039
2023-04-06,38.37,38.37,38.09,38.1,1505548
2023-04-07,38.1,38.31,38.09,38.31,2583435
2023-04-08,38.31,38.44,38.26,38.37,1512078
2023-04-09,38.37,38.7,38.24,38.64,1178118
2023-04-10,38.64,38.74,38.63,38.72,1096811
2023-04-11,38.72,39.29,38.44,38.95,1681215
2023-04-12,38.95,39.0,38.02,38.25,1963676
2023-04-13,38.25,39.45,38.22,39.27,2623210
2023-04-14,39.27,40.72,39.12,40.58,3164919
